{
      "estgv": {
        "anoLetivo": {
          "ano": "20232024",
          "cursos": [
            {
              "id": "EI",
              "anosCurriculares": [
                {
                  "id": "1",
                  "disciplinas": [
                    {
                      "nome": "Aplicações Internet",
                      "ects": 8,
                      "docentes": {
                        "teorica": {"NM": 1, "nome": "Carlos"},
                        "pratica": null
                      }
                    }
                  ]
                },
                {
                  "id": "2",
                  "disciplinas": [
                    {
                      "nome": "Programação Web",
                      "ects": 4,
                      "docentes": {
                        "teorica": {"NM": 1, "nome": "Nuno"},
                        "pratica": {"NM": 2, "nome": "Filipe"}
                      }
                    }
                  ]
                },
                {
                  "id": "3",
                  "disciplinas": [
                    {
                      "nome": "Programação no Servidor",
                      "ects": 6,
                      "docentes": {
                        "teorica": {"NM": 1, "nome": "Nuno"},
                        "pratica": {"NM": 2, "nome": "Francisco"}
                      }
                    }
                  ]
                }
              ]
            },
            {
              "id": "IW",
              "anosCurriculares": [
                {
                  "id": "1",
                  "disciplinas": [
                    {
                      "nome": "Sistemas",
                      "ects": 8,
                      "docentes": {
                        "teorica": {"NM": 3, "nome": "Pedro"},
                        "pratica": {"NM": 2, "nome": "Filipe"}
                      }
                    }
                  ]
                },
                {
                  "id": "2",
                  "disciplinas": [
                    {
                      "nome": "Redes",
                      "ects": 3,
                      "docentes": {
                        "teorica": {"NM": 1, "nome": "Filipe"},
                        "pratica": {"NM": 4, "nome": "Pedro"}
                      }
                    }
                  ]
                },
                {
                  "id": "3",
                  "disciplinas": [
                    {
                      "nome": "Matemática",
                      "ects": 8,
                      "docentes": {
                        "teorica": {"NM": 3, "nome": "Filipe"},
                        "pratica": null
                      }
                    }
                  ]
                }
              ]
            }
          ] 
        }
      }
    }