{
      "$schema": "http://json-schema.org/draft-04/schema#",
      "type": "object",
      "properties": {
        "Product": {
          "type": "object",
          "properties": {
            "ProductID": { "type": "string", "pattern": "^\\d+$" },
            "Category": { "type": "string" },
            "ProductName": { "type": "string" },
            "ProductType": { "type": "string" },
            "Price": { "type": "string", "pattern": "^\\d+(\\.\\d{1,2})?$" },
            "Class": { "type": "string" },
            "Company": { "type": "string" },
            "Provider": {
              "type": "object",
              "properties": {
                "Name": { "type": "string" },
                "City": { "type": "string" }
              },
              "required": ["Name", "City"]
            }
          },
          "required": ["ProductID", "Category", "ProductName", "ProductType", "Price", "Class", "Company", "Provider"]
        }
      },
      "required": ["Product"]
    }
    